machineID,volt,rotate,pressure,vibration
42,143.322980537229,487.028910785613,111.889112522129,40.8471899037369
69,156.032488592809,422.669791835406,114.749570478114,54.3067880056303
37,193.929904519717,429.530808571959,89.848085691841,40.755399048563
16,177.026806543179,502.257658014919,100.630841777832,50.9422518678505
18,165.038339508218,471.401270308776,104.317118272093,34.5337506918776
22,190.518495477249,430.466729806062,107.289225465263,45.5715216420453
43,154.7528869615,505.263101251794,103.217896949601,38.1175432819945
51,187.214387930373,442.366347072963,98.0401227967928,51.5842346257421
26,178.562692514521,487.45925759679,104.890171683253,38.3137398607841
48,180.84355416081,457.917790400493,98.694455192143,42.2704443467604
29,202.509981859629,435.700279122712,105.418585053797,43.816296116768
33,152.548672912386,356.045537838882,91.1582915043292,42.1320191982544
80,191.637815414895,351.661200419596,102.501074684385,37.1199918710573
83,159.642525451565,402.241568747357,110.300488919486,43.9454685994573
69,197.460288402114,442.344001804168,93.7244703951994,40.1437301874631
40,179.454829491474,526.764283107779,113.730695524086,40.8976940044648
2,171.948695809485,488.942514036639,108.188136568882,40.2213213081727
80,166.557578892785,419.798169785119,80.9906707879628,45.9208419475165
31,171.96850224059,494.154248788791,108.970998153278,41.3990756815436
41,188.014713645833,466.609699616638,94.192636258309,35.222298035785
54,179.681517398619,365.873774564356,108.110639072262,30.8154061399272
99,174.26664507973,420.579042427679,110.596297032512,43.1981460503583
24,178.762321228823,440.792169272195,89.4448557492717,39.8758310172812
37,166.682433848629,479.338910894124,106.744802022916,43.7669493791165
37,175.937364299389,442.234017003151,103.29155929707,39.0106621285479
8,172.014830610375,411.783241465789,91.9866850214948,41.2244482866315
67,172.806260414757,331.417824107745,120.968078062489,34.8367795874073
58,195.54899538816,411.690109900708,84.9526289745322,44.3020281256403
91,132.698002060987,533.018117187631,104.27176300363,39.5500207942214
21,151.460350015125,503.818642176235,85.9369673914894,52.4264278354528
7,177.960099722325,401.179183967299,91.8315984973665,37.9948822518447
47,180.233256593769,409.096984043078,98.3445099437821,38.0040780294557
64,169.617856469526,513.358615211131,97.5240689662345,48.6089918549337
9,148.296723582862,464.340909224231,101.56140777237,43.1595947447314
64,159.628161400636,347.154126898119,97.0560408133574,44.10947058888
31,182.395055227,500.757373582145,105.099042810215,30.6709927039332
32,177.915424003956,437.661762025381,107.844340984651,42.7145101433644
64,171.741642846415,368.13996169647,99.8838490110435,36.5602622417122
78,176.068320364032,373.335376309765,99.61645549648,36.9299506126201
41,160.914006505499,407.545727113752,117.177172026704,39.7699148845786
44,180.576254354321,445.764524420967,114.124717349313,37.9068044800751
53,140.675572680727,457.6185269035,90.1195836551855,34.6676464367581
40,182.996245854021,428.656744588351,106.126949726672,33.1388318948399
17,198.58066043738,312.494482846948,85.1155294094147,34.6484841852864
49,173.510242542737,447.388171341021,96.6471082934745,47.3828444137629
30,173.875665169257,362.541847464956,103.467167221361,37.4445993734018
62,155.569874756273,348.491926467746,82.0264538141253,44.5905004821873
20,140.611287159931,405.786579527891,116.713548329143,45.7043664575341
96,165.386485472143,510.160570649921,92.5139195832608,37.123470983817
71,164.835980695979,496.781044201468,101.472376785337,52.959047876136
92,189.843776434643,351.115732176707,89.5474544846791,40.9472249319982
7,173.147583528072,375.349784328684,97.7997762638955,48.752200832329
12,160.982964793249,381.754732657954,88.6405127340393,31.869590078183
5,200.940093864084,265.528620810836,107.253454299651,41.048036879996
69,198.859270348827,428.92654420158,88.5130243460534,31.1311326305187
20,172.022814104195,447.493661817351,111.48064953355,39.858812522882
91,180.339555587718,462.745636554967,119.041366690269,36.9828749796028
96,158.494579048114,459.940610016075,142.698747814973,39.0169419713213
96,189.306347462872,379.150013797436,125.568827925848,46.365319408303
89,157.916635218788,412.628319007969,92.9499363363163,36.4730179829329
24,158.986630740826,394.218906307367,113.651682790581,36.3431860118521
48,178.925210848311,413.603559727885,101.078803806006,42.8492569542473
19,205.843363228748,495.758157445753,94.8271919070333,28.3880392014363
9,184.025503801902,410.680623411683,110.77477229228,45.0529483408338
87,179.251534944603,448.147557918138,109.126611299952,57.9556449154068
67,164.764868678767,376.606564085332,95.3238641285613,48.0636237145689
8,155.112624507544,280.913483785352,109.500886909682,44.6848945602275
100,164.656614085136,471.598119231073,91.1799520262724,41.2225844354199
59,201.243470213613,514.938321215907,111.771464464986,44.0130757678102
5,175.168788444279,319.808275407719,108.019570309896,38.1075561926604
93,173.908698860706,463.401922163032,98.1769192330188,39.1521595787273
83,144.657320985486,535.420867076061,93.8574275863176,40.6045499930636
74,164.979394242065,459.31763555265,111.301896130561,43.5302584776028
15,166.256495426203,481.523140858508,89.7144141285349,35.8118141593972
35,198.929003290953,482.342715271267,94.1266216563092,38.8301769243266
47,197.404327262483,410.012643810288,104.878666616824,54.491353119625
35,163.248815804144,423.940571266244,85.1866842803162,37.9411219087669
16,170.524080648549,405.302969621504,109.855730307032,37.7863652830834
22,141.721148120372,322.667117549778,100.447307827849,50.3625241503768
17,203.739237546134,513.674109934828,107.450234596948,31.6959839747567
97,203.907877042042,412.513797819794,132.485386554878,52.290860001245
69,167.561011505953,503.361699005833,122.9924389966,52.3829745016338
54,158.265703657929,490.553853593521,80.9134766545415,37.9946314366575
14,148.732027944999,400.908630765776,94.6122893441016,37.37950430624
70,144.885163060742,332.934662090981,117.698741075046,45.6801224572009
59,172.838168847868,351.745550342073,110.899132879313,41.285259747693
9,172.514518752974,382.500782165314,79.0880613325222,37.5894927774576
68,169.088229371054,513.051542972032,107.829069091634,38.0990666624871
34,169.947467136638,414.156925909992,99.5304928270144,40.0281774471136
65,176.630308749132,437.247230196756,111.809995486009,42.6044515265709
23,169.062815369175,477.347082952638,116.831939254322,41.2180706826702
23,163.909329842026,416.381702296559,109.093786741478,54.5762142673675
40,178.702300199537,449.44431284796,86.7846187259482,41.4513896229463
98,162.015804811883,431.46942790636,95.0058074474789,46.1273624306859
53,190.026855176208,346.574527256139,110.546808845829,36.5645882866739
27,192.828061290705,427.492885107695,80.4911941052818,28.8727195715016
50,184.469860246681,462.762970744618,112.420001175479,44.866918603344
75,172.277520354146,448.798176983393,87.6333161819056,45.37852303473
98,180.32381627423,461.239664858246,109.061591424036,60.2201362292261
66,165.751816868607,533.167438447674,96.2358184257032,48.548275505281
25,181.713203683441,485.683143636759,102.629886024051,43.6294384280462
1,176.984331950546,418.434516176526,104.972033947909,44.5259695591473
19,164.494515339904,390.990843981567,106.260278070473,54.9565199249888
32,164.985752203854,441.234066878359,111.417539800544,46.6607582714712
38,174.013959393754,458.137130050579,117.461298806033,49.5427925997861
35,192.627065148471,454.078511880293,89.807528869676,37.1244521250445
71,168.16035897744,352.017645643746,89.5289997230824,40.1805115427586
16,167.049235175246,465.286710289005,96.1859287367685,34.0325014095244
98,188.339367443091,383.655684396596,87.7144891666791,41.516272607666
17,188.136563966732,335.57333024425,110.709726929532,42.4564918228493
84,187.364524911249,532.381645081794,108.190741735502,33.0385580890886
65,165.037141943353,472.029518689793,106.346164169959,42.5578309894534
24,174.837671097415,498.588191320533,132.984841298078,36.0578063328631
28,169.675707967053,479.874550936975,128.535676098362,38.1595964482019
90,161.16647544197,451.608856593688,90.3932407891755,42.0886085524685
79,191.200916483267,469.531371252085,96.8006301026633,43.4063339952207
76,174.294188053347,410.442426411634,128.770645300011,45.8655946390353
63,187.499122233592,424.446809283899,114.302332100568,35.5063385027665
7,141.78946080341,462.309166336217,98.7455155186748,42.8957325189257
22,204.623416005207,426.794398989637,119.485199979061,44.0551513262013
76,161.722809323218,441.209961979689,147.572524994983,32.4596380217928
99,152.143211623396,394.182739208584,114.212265046901,40.852042680693
48,168.667527894067,485.652206851565,106.235069813577,54.7401638032818
90,167.182021017817,383.241436842108,103.693329959019,41.8268122908726
71,147.629815576447,445.534646434887,88.5514954602959,37.7596077155276
64,190.820355423265,495.747473914888,105.052513401464,47.2374441677961
20,208.21011655181,384.204851619318,113.758239252665,41.7849883378083
33,173.952782712932,472.103185757589,101.861492397552,32.0049542259582
22,179.701300936423,416.932139654386,98.9054003592892,28.751207872621
57,171.412238456491,493.142410642922,92.3586150059002,39.2457079692037
65,182.774717178703,329.728154377527,106.283864376496,38.0297975149143
97,172.481756791608,493.105949706689,99.8155920302406,39.8028420437823
59,197.806322314271,507.255130471122,109.644468869206,36.4369362132655
33,165.071778305802,508.982275326415,107.486292082363,37.65159128946
47,228.811585692107,412.566824390876,100.470566936336,40.3326531638449
33,183.113776003108,426.372162166899,96.9721323302487,39.0359411819827
21,180.502317392885,480.221914959432,113.696929740061,40.9167050278935
81,161.784362900946,465.25231961678,106.655528228991,50.4755858832448
54,180.703317477433,384.387956921672,90.0918567427869,43.9387540799122
40,151.68169682876,398.83587345877,105.05063755631,32.7844891118464
29,195.880113803299,270.244745535069,107.26604887315,40.8627018603617
64,159.509085535756,367.3533623047,120.62576649976,43.3404427461279
32,196.552217901899,401.270408603768,103.111125817704,39.8745063820235
5,177.292702418074,394.491117936901,111.728509389396,47.3148316967071
82,160.899505364016,278.393580324113,127.195414919621,60.6343285647834
19,182.146487171428,469.899932874154,95.2578142100465,49.9966951614573
88,159.306014196774,443.124500780583,94.9675184698395,45.5982709045455
29,176.90432297521,424.635524821463,85.4034596295565,48.2626520380284
18,163.859586133633,365.041253230731,96.4501551175413,49.7442491736169
55,146.461358108114,369.543003219121,91.858596955446,45.1074099117503
8,159.748292804924,414.292765699213,104.180726805522,37.264803334794
88,164.449594312307,464.176614990309,107.541980121939,31.7933205723464
90,186.241541008093,429.858546966984,122.065911149757,32.0670600843599
26,165.587069682602,468.049227975169,108.783664225826,40.0078678623025
36,153.300642564397,498.095044347349,111.882684871935,41.1139023672666
23,159.738096900334,497.614838848788,86.4457218751105,49.9202994294735
33,189.245484857008,471.200056043039,112.700501912545,50.7591392429311
23,164.410766736425,400.569047214217,118.19913336261,57.2110168504791
3,188.673285526022,479.984469954655,104.649093915575,43.1314515684867
91,136.46667821912,376.018516723277,101.579897094275,36.2671382356129
1,198.257974581675,456.862342339469,89.3339950053984,38.6718999063224
19,155.553493392704,413.270485472341,84.7019327138803,39.4330502373515
67,196.590153032736,385.300941701999,82.771297756042,38.0755699881086
61,147.797820718908,532.810133816332,98.7148792185749,41.3053210250954
44,143.238938558815,468.723992789103,109.684666090145,41.6732838167198
45,143.680796390063,505.17260600485,89.5481664457156,39.3645263654194
33,188.433720529299,435.058867941777,86.9133891917927,45.4030717151817
26,181.231839510302,527.630372660822,110.391474431432,43.2546429018897
11,149.161288724036,439.092485138621,125.371118534732,35.5184515114809
59,158.544150992285,482.109917748568,112.180910020165,36.0462040093764
24,155.487181836735,475.71907467824,104.64987915094,45.2394005834581
47,163.408317734762,509.656042922144,107.679854731204,37.5497218216862
3,168.070142999801,416.010767673182,92.7403268958411,41.6838009857573
99,190.547355181592,400.683477323347,85.8132029022414,35.8140582219444
62,166.117582692261,507.789921422652,115.466187784203,42.8274162717054
14,163.834351630249,447.516142831205,73.8978055408475,37.8976566932656
92,189.843776434643,351.115732176707,89.5474544846791,40.9472249319982
34,177.516065387799,391.818146984377,74.0970161211985,38.3762857247755
91,180.812360112196,407.811297667417,88.4870152980803,40.0684366800569
41,182.4843714459,432.394789047603,99.5933539953379,36.8717750614934
93,173.832234831262,475.179352441562,82.4877302478892,35.4318528204645
61,195.254510081796,460.566175655139,94.5853575581998,35.8083332513855
17,162.788654609864,357.484695416853,133.314324579039,51.1517274495475
76,174.771961992456,487.383615141882,95.7976193523276,40.4712729095403
74,188.418033552815,393.089900630732,99.300705884683,36.2931650734333
22,178.998660043249,490.771562359554,130.573492638476,35.9588198234965
34,160.161775376298,392.341698895799,84.4751022907286,49.5722891039444
71,165.249832915833,512.526247686307,92.9519455077302,44.3593840012786
5,150.319105786234,437.22793045126,95.8765161908101,42.546056118559
64,194.120746955471,290.159615011049,90.2280392446068,44.469938836546
47,176.317113309556,538.953666163573,101.073579296552,35.7494769650908
36,169.968050890572,400.538227920267,122.292805834407,40.4026542691932
64,173.684961971092,546.227854043108,104.419939730184,45.8545171355613
71,184.788328040606,548.982377573185,96.385771738337,42.5899579045982
88,149.168278196327,338.455169793755,76.9404642458652,44.1810816102377
62,168.150148581701,385.187753502203,101.929505387599,40.7807120837124
56,153.183139621743,505.632614801053,116.21424230994,35.4583660715962
47,163.583950650982,428.601799767843,96.7275304326658,37.0613568192603
32,156.904538207797,399.489001575754,98.4330158873442,46.8524061492966
65,198.405640858584,401.602834338332,102.307958893879,46.9849214078174
12,178.619799807862,445.702278092908,97.8345182555022,42.2815826595299
90,154.886515798764,376.139945118355,99.8762406618769,38.1447431213983
100,152.94602442167,389.230381929484,116.1189130277,41.9307582774683
40,213.167040008866,431.288587394958,74.6986554892157,41.3937537525549
19,156.209024857663,422.440609855889,100.063315874659,48.4265608318912
11,154.74985547964,496.383588874416,96.9770474440908,38.4889685007901
34,177.427782786605,638.141686037182,102.660810790792,37.9272480084741
20,148.779055285462,357.720857844724,98.5120575803442,40.5091779405671
5,226.420623851432,474.241388580299,102.176490650822,44.7391599741576
37,160.176053615156,445.29189869972,101.874937455764,53.7859063428768
31,179.749237995553,420.045789980668,90.3983060398972,46.2925434640034
31,155.697348961917,453.97322614322,126.587249102565,37.6840893710109
23,214.082563857483,439.333561827135,104.136802234127,51.1906723462678
18,168.535815820318,457.299038008709,109.97548908612,50.6028935843884
58,202.651116978442,412.746679888331,115.14449464712,39.0964770708731
94,168.59325956007,391.2447871283,130.795268759117,42.6169574621788
86,202.671433559462,521.631954291674,92.6530823651704,36.4634811467003
97,170.064318607609,364.984100495901,103.833479438513,46.844647856112
4,161.920084541106,462.84393754849,107.04586488486,29.7626112295591
2,160.541767032636,519.119776901349,87.6023596884672,39.1131999163197
37,157.994148192213,444.437614190181,128.152888102104,45.0769973881212
28,188.65963947128,430.55445105713,95.6805462453591,38.8690061916389
35,186.613454593241,409.089913295481,86.636399125937,38.0390604290737
76,182.743295276725,349.790195200277,98.4428129162285,44.8355660214009
71,158.064066049106,426.482995067366,108.847943084581,47.9710305863631
33,196.492681558011,475.122453097118,88.8780944085869,47.1720473795016
99,173.273230775841,490.753608786053,135.766663531395,37.6787375193228
83,151.398681134416,263.56049183705,92.1211098229359,41.7502993262164
77,174.434527101331,426.656431251721,113.11441402597,50.1474693696895
90,177.186754766524,347.085343728936,106.077294764468,37.9710647474683
54,173.44065364399,473.8941846993,129.668594567064,45.5377845752515
83,176.534328801018,515.617102897062,105.38372405832,47.9458747093206
12,173.363520541119,529.986284772158,84.4712352381493,39.2535840107104
75,153.486216561689,417.933415387343,104.728880254926,38.0043477496817
81,180.976021813705,375.218584826331,90.4820596773048,36.7987416668068
43,167.123468437124,496.668614895613,101.874719388554,44.0575881681155
1,177.383733067831,355.127611502685,92.5560614056467,35.9021776541104
44,170.27023122567,487.067553696865,102.692770873589,39.010687009148
80,180.050315543754,480.134906424971,118.072606460371,34.6562315330673
36,205.34418822387,417.846052560456,96.4618472079353,42.7562704404908
57,186.567423575921,497.817897211374,81.2638893985689,35.406816853179
70,172.621468789291,376.491960181654,113.373636931983,39.4233768475815
1,178.322427612404,383.71525553,79.704007684226,43.2134165642225
85,159.724838809138,407.370058660794,96.3637835439676,37.7688623152223
9,174.43618339719,512.586001778381,113.724679686473,39.5185718115818
68,158.697392668479,451.829118296846,89.843518381564,38.9670014649196
69,159.14100947887,328.683160387984,122.335891982261,33.3149493150878
33,161.068443466594,503.440728402014,90.3068276397156,44.9995058932218
95,179.290861759593,418.796635560884,99.0255275739679,51.2420302250029
9,147.139781099403,522.517973851326,87.7279270468516,37.3667178537071
9,163.033427587325,359.400518418149,94.0078361606377,37.4471132197432
89,206.853227544495,414.677527765381,102.189574672205,39.8845956329365
24,191.851905249344,446.400952215076,94.0191134772402,34.3469977561019
51,186.704605134779,477.841339252924,92.4099623640676,43.2775225290546
37,168.738055853456,360.717219275123,95.8401776107366,33.704154361225
27,183.998663447517,483.098391050409,101.209928573572,32.8806944243564
73,190.685484210263,407.522829343355,109.711089027196,41.0103638581101
1,144.09453154472,409.380150100148,106.720870895748,57.4549899337191
31,139.632819987807,496.374679794449,90.141437663576,34.369153881979
45,200.855874381995,401.801361481801,100.217929989101,57.9971684394819
56,161.415968371517,432.605399245764,85.6312767319507,34.410188531509
99,193.01124835926,447.278502363803,99.0756831458061,42.187391787615
73,217.312900753305,451.299278302474,104.881805139971,34.4495669852637
63,150.633142046368,419.932274021841,101.311852104756,48.3252554936965
100,226.666914044369,484.51647324043,97.5218968477353,53.1294371509872
57,191.388754011254,462.793112018002,102.537001327675,32.6336816192632
83,170.906102705667,431.425083791476,121.172794534025,39.6650866063449
4,174.744788244765,536.595084726851,95.13472795747,30.2242908324417
83,159.404807147236,416.343438141152,102.590144927486,37.5427936047932
89,170.205671121737,457.913369688638,101.786382778525,46.7237727172762
12,179.62882541922,447.729610248534,142.56686474075,39.4635240124205
2,172.664007265431,483.902502118362,95.5408623540181,35.5759281295046
84,164.833248755552,307.778433315066,103.349308073993,37.298533685145
88,156.426261147637,460.025193230979,119.408524423857,45.994486785079
79,166.465722728207,341.16514246061,104.769627565795,34.200922593157
87,196.411509154292,437.275229648435,84.726119031785,45.2926599530137
69,154.597132154682,437.926165664743,104.467974358419,47.7997368022543
56,170.481187989342,450.771830281178,106.450614381802,37.293460016033
94,181.780005855581,451.997651039968,123.816319248896,35.783602603654
75,191.519233568401,366.693478952803,87.0814374842018,41.4123315754895
64,148.953834063843,436.464274368653,109.337735005267,45.337181193904
2,176.146239273177,317.711058731635,94.8454241454658,48.6792629843655
48,172.859748978721,448.963149413364,108.769767599372,38.5108641298414
95,160.88764075225,412.698388925341,116.610150735222,35.7380328811611
52,162.934970932858,457.479285305706,109.044316707831,49.7982210805104
78,176.463705602036,396.755363930689,93.1527252418468,62.2423569317673
5,161.16489067511,406.403608202116,91.4560090522234,40.206394849483
56,165.414451605431,345.273183266764,122.045028491911,47.7204464214279
99,172.035112664885,392.971221702076,137.766297076195,47.6423107574913
23,186.684319343946,426.279100281471,99.5219294551245,50.1856628079349
85,177.835534803935,405.704640662743,110.137901798648,41.8561076816755
3,162.873937139551,352.119185743015,89.3915601947113,38.5134972447327
59,183.285505391393,445.131812890946,100.635714551978,60.5492368449613
93,173.164928672895,427.15545226465,99.2363502825507,43.0920220421392
84,166.758705570353,428.448941978457,92.6603287209979,45.9461186625891
99,164.36882353589,540.819038815599,95.4482213527444,54.026442596689
17,157.667579500718,485.989260823117,136.728461911109,56.4690316589251
12,155.819157713628,495.029476469036,104.878478975486,38.2145084605869
68,193.182902764092,463.140965359978,94.6175210341861,42.159189856643
88,170.504942109594,451.293572047503,92.8392361356698,37.3158509212722
100,175.800252477085,451.971665992018,112.059301008851,42.8110685791036
51,182.11623073049,468.279027168198,99.029885356435,38.2214899008775
87,139.01897631523,446.428915809836,97.7513725176,31.6126696584107
94,195.879738884707,482.221029648096,104.510764993242,44.1640393161892
87,210.506024333387,464.692402453348,136.679892501741,41.7460131651834
100,178.765827444073,367.134994394045,109.507386949586,33.806229118511
43,132.833279620046,389.440530500447,100.206886575412,40.6258472848769
99,158.887242763563,416.388291326734,106.126688359299,38.1604596374779
70,205.010267321652,492.409898284296,103.293288488477,40.8719538496033
29,184.793731399025,416.159510580888,94.876520715616,39.3810624090515
83,186.639092431082,468.764380601309,93.0684885386158,46.737446329458
54,195.013415128025,315.903822679836,99.4461068212262,42.777302686602
91,164.422492114397,400.639932952722,104.207049254721,51.5929045237737
67,160.118376355427,414.964524045507,105.464238457938,61.9584970818231
63,173.3332344854,431.081070080626,92.3181940357436,32.5708185052951
91,188.961582012682,432.755471874918,118.17298781448,40.7878402541027
32,149.159327670698,380.944392200432,94.5698569732124,37.8038604715427
11,181.895699840147,356.163905380718,96.7709490888618,45.5422619027631
50,155.759814313303,450.82826280761,94.3265085736762,40.1063439607008
42,168.943245187233,371.476925359287,99.9814375428295,40.1158237311843
78,200.99240294905,506.651079389954,109.82618725834,42.4163132726387
84,171.665078315675,410.037196796513,102.363109818267,32.7197282120856
99,167.524426628701,373.811871257875,88.1052727130128,44.012542117878
21,162.744071835388,360.256846789114,129.0064697342,48.3580183701199
8,186.11120106828,272.846522586898,100.144287790199,38.7862081047267
92,159.669603745888,490.947451893717,80.3529364342605,39.706818037026
71,137.07137536848,353.531036951729,141.871985972777,41.3510902548747
18,163.284263679723,522.719121547472,104.490089715471,37.319277265876
64,171.579907890987,506.602375086532,82.7249681399835,42.3479194479856
83,162.805223241591,400.472296702793,101.244017272966,35.7295899573414
75,152.128487609917,492.055886464358,111.426181663929,46.7576869465834
25,200.968105535154,354.200915975526,94.1899117413202,37.8236981610945
14,203.893641042689,498.695046653957,95.3605086767397,38.3407076454487
51,167.370620214259,363.328072977872,108.374994241669,33.9789968830812
67,154.57815374772,459.120584199759,87.5545762557977,34.4225935682491
12,186.76736848004,373.895987137459,106.477936924673,44.1671803348571
5,200.632330601849,456.657327426904,106.335913289528,31.4179288064671
14,128.24314702927,323.317823874359,93.2640112075472,42.1195086029345
84,192.427202375126,331.87011811166,93.9564748866643,34.799389289301
1,187.673963498493,493.005160103346,105.334392333578,53.9639607034682
90,177.509418206782,433.528441053394,86.8033287250233,37.2837732730253
26,187.501190229814,498.77486447089,89.3398645428022,36.0161847802236
6,168.040254311753,474.314315776146,121.047384888133,38.1505451008505
42,179.353399482927,492.296819852712,111.416283241368,43.5056212608145
42,165.920002089794,530.295446587093,89.2780935583505,42.8554151973559
92,167.090537685508,500.684035483542,79.8512584867957,43.3340232208334
15,182.503267717322,388.295399042963,106.228345070622,41.6168259127499
84,215.577395072649,392.719734538277,91.5424241670054,35.1979365384403
89,184.832019779006,594.63946042177,102.862074131076,40.3669041882583
90,168.526896617732,461.209487411426,141.118295693478,42.28695406213
31,149.022705516431,499.09686775769,104.991923067152,46.3419712055669
25,200.968105535154,354.200915975526,94.1899117413202,37.8236981610945
80,163.760707943316,342.572070399451,85.788052545669,34.6744922934262
40,206.606238356077,499.930732653508,99.8058906351011,39.1484186555437
78,155.709888408012,433.705436906142,95.5882240683762,53.1649200361135
71,188.184836836078,441.826125289763,130.191703283554,41.4889795158383
5,184.346933675659,548.392365453726,95.8508428343925,36.6042495366732
26,190.88131775954,308.13531477707,91.1135549319299,35.1014120916776
55,191.607775454343,358.692893788485,101.675323552471,49.6880965967169
21,183.46926561788,390.208571621743,115.680840719501,43.5778653649424
98,206.035025271174,541.149356206666,100.822033168767,40.2497574107447
80,212.546742301581,346.807563525204,93.2771124045353,40.9506016130353
55,163.151828064942,518.979791243536,95.1340056303558,42.7646969333875
52,202.476066644298,472.534889895287,98.1084051059119,35.0261732644347
96,163.600639732655,466.609765680485,113.035549728284,44.4637778446651
6,179.797113132355,399.437708810215,95.2240106109715,38.2735480772132
68,180.010128763619,323.338366719019,94.1706624442839,39.2683626381692
63,144.6099824371,356.483731264803,107.017722263788,40.7051767186654
78,155.298083455021,386.248293172172,98.1699258441383,44.4535028217215
41,196.090296370779,491.405257261377,84.468522815173,38.140261417769
88,172.091680887806,479.275048263099,92.9610377801448,39.8814095237156
19,158.585119543224,496.246824331731,89.2559425047732,46.4986415929404
46,183.54205140131,414.240730124773,91.0833340336229,41.8058305124238
89,187.873797825269,316.147571136788,94.2449799966909,31.0274790404604
73,186.378083840383,407.036086014928,113.099940173927,34.3595875535622
67,167.816571069844,391.675999512811,108.510100711941,39.1344638822095
52,167.135645168073,296.190021953548,92.8291653541294,58.936244968446
98,196.168500557615,322.793417755255,97.1723833684955,47.9203693187023
97,154.911071304529,326.356722626462,103.899179506267,45.2260460789988
97,182.06788187946,511.514302337053,83.4900359343901,58.8325871487644
42,184.734962055895,433.134449147363,119.155559972877,25.8395222489267
43,180.627360382247,462.910500741055,107.116510780225,46.4343436545698
62,169.799604140787,410.568501571438,118.012382045027,49.284491306107
79,177.111318879794,362.523782979741,92.9399450222304,41.2980224582012
26,196.892416259451,417.286843964242,88.7920479732914,30.3010721138324
58,157.197958717911,489.273578068467,106.512556803594,34.667525024954
38,172.011851445578,321.781764269437,100.026751764874,43.6349549404146
47,154.103435278707,437.470653525228,116.235639593901,42.2507320434027
53,200.405803919552,354.090039150024,102.613684021838,49.2384560643553
94,167.987938918003,340.901059976744,99.6855303058522,51.5285493439006
30,152.773393691626,496.204196979083,104.802826356283,39.4221195122077
74,214.697055427125,513.089248735867,114.3556883666,52.7524597852171
47,194.816511600875,402.386049978311,115.476099910555,45.2017475734464
35,172.44421256048,478.312604594118,109.000716590688,39.5727723252682
75,158.839846722746,415.484286288418,108.805533074655,51.5667536853296
73,167.121736589583,446.58397970088,88.6347661641427,33.0076132276987
78,180.244401807712,426.440753560998,96.1364065333256,46.1159509284717
60,153.814753757283,395.27327823655,91.6638528278758,41.7574859350719
59,157.003700270061,418.872713606646,88.7131702450724,40.7950187656107
30,164.88828414819,457.104344781658,102.765787915692,53.4206891426658
76,186.863414177519,456.272422747051,124.220614792369,37.7804002415742
78,145.173700325053,455.09351619418,90.3471895419536,34.9096614439498
17,178.616873681156,371.61065093513,94.5313258792796,39.0244892728417
35,166.508726003905,454.136081971547,122.498734700205,49.146051947972
59,167.753089428783,421.218851031525,83.2706533121634,45.513198071961
83,172.646142284734,427.744762970881,128.317717212988,53.2835159279893
99,175.867325393341,316.512588819493,90.4479514018927,43.1609683139563
83,168.055046248108,375.005708031645,101.195685074737,42.9916905861538
88,220.622592060323,497.46074074209,86.3176501036542,41.4953472406406
49,184.451752942946,443.209524420459,125.381354297497,43.0785159165218
95,188.672854047262,442.292848152505,113.938146119448,38.2618677567822
48,177.008770330467,402.587911083174,102.154852221989,45.0421310290042
92,161.691478152704,474.95131190179,92.5006693103606,35.3655825682366
52,134.2414998139,385.19739059095,87.6971479976357,37.8211998220741
37,176.276324115297,463.52538413546,97.1556031180782,35.7027780502487
13,181.126142825962,582.036495569931,99.0000269247,53.3232465798397
57,156.839799032972,429.507200348977,113.057591811588,38.5173285142527
17,163.216554650048,394.09060290211,88.9960892337298,47.9965998451934
37,181.338623104677,430.525642903753,103.327898800412,56.1309644608222
12,162.35797970092,323.562493047284,100.614325168819,37.9547340628427
45,169.926575948163,389.925251880677,100.371360236125,58.3780983057503
42,163.324304390249,389.702470327991,88.13206571323,28.2614538969684
73,170.923113437375,427.217517970839,96.8248942163301,50.9942855493125
73,159.532442005625,501.130405379089,101.3405230086,38.9804326451045
39,205.18305621924,477.8648541877,93.2256814652592,35.7894431849351
66,141.214670655449,502.699034651763,94.2207615975379,36.4206123283144
35,135.382704214043,354.398635728301,95.2007684920641,55.6002349738807
78,145.585403154332,501.832566180637,97.1394163411613,42.7299451730754
20,165.836665374012,462.14313806592,89.6771940606329,53.914332017179
80,193.616976279096,514.358909854828,92.2707321706876,45.2446462699554
79,169.135655963069,517.059296837098,92.6542668076828,46.2905764654281
14,180.944025243776,477.676376160247,99.6835626378466,40.5071099191811
96,172.78659259025,393.190160197015,98.2858480152425,40.7753662424426
51,144.208253624394,479.938891043413,109.767756589775,43.3969530354148
76,183.029843936741,439.026934678704,100.48157956921,39.3745943104215
99,147.54266022153,471.754735806571,104.324517080359,42.9831904521757
60,200.142721004333,375.22867612672,103.556569199976,41.4022542649432
37,154.588260423257,396.675952234255,101.46218471238,37.1262920266025
57,167.034061084525,536.903248361959,105.318532592345,35.8853882977364
22,138.243179409494,537.025106712013,105.251645215781,36.2977651540029
8,179.112419437297,380.768285685025,103.890663064495,41.2537814987689
49,159.897207458531,429.41877759887,83.6971968590773,41.8105274737827
31,173.505914430002,449.023766636336,118.62541288037,33.3664410066545
7,154.309603392644,507.886493040656,86.3253471827751,35.771001134356
9,179.595370333003,414.337102186616,91.2318401687163,32.0495055254969
87,161.345193773515,556.936758821367,109.753305914055,49.3033321996523
7,217.932133334202,402.807980836329,92.883737995281,45.9670153494316
92,204.456580692394,538.724621229494,87.2826871750101,47.5895806329479
88,176.23504626293,471.802557094525,100.570302712861,47.8919224627006
46,151.640450215689,457.308469980708,99.1555072221669,41.8078544153701
32,174.936541463811,464.995388588816,103.429164739352,50.1235324992565
21,161.380248069682,394.18472441579,86.1937888356581,36.4248871712674
84,179.806131003503,421.944404142165,119.306996265605,41.2487505353548
69,168.288451768293,364.109207000655,105.253899220469,45.3725092819653
74,160.831477665137,469.311966781813,106.782884805657,42.595603750539
18,144.555607442356,409.198309090271,93.6688077394709,44.8714422362967
62,192.262612644301,328.100443926254,76.5738505867594,35.5191252261969
98,158.287053073464,463.875057416036,131.359087888724,41.1971045196032
12,160.33919758387,467.964240299325,105.470087689635,42.7090885128882
37,201.903249273188,469.303199537815,116.795033190232,46.0104462361786
11,176.714752773816,414.810253519742,103.222397605242,36.0321273854288
86,141.259128942465,452.547755966084,100.800488325309,45.0024329914809
82,184.442297061309,500.771219494363,107.002786432228,41.2893764054913
3,198.632558280135,503.066261744741,106.879785895979,41.8671578653871
21,149.01786490857,429.792449662993,115.705640182517,46.957703894509
100,155.562295982894,487.126971995262,98.6161290363197,35.317734033706
75,170.689959578145,380.992951165954,94.4340024767889,39.4867736302543
76,171.830911637034,325.370383402416,102.06477411659,43.4359150384765
92,168.516092671508,518.230634877702,126.327349221134,41.2629834347859
3,192.011346653049,356.046301550486,98.3643535533048,37.0501099283537
34,166.759617471664,474.18767120634,94.923975673602,29.6711473227381
59,169.206647854878,519.137970138064,86.8054971599869,42.0096872265611
55,182.462510052481,426.319851943956,108.673378743121,40.9153532528078
43,179.099756781598,500.53048637779,93.4323497058877,36.5902974569978
56,204.422819420847,453.413968327205,110.633763637473,47.5334421614114
23,144.965700725245,403.688860215983,90.8205036463253,39.9127987484626
99,181.240249813625,409.362285724836,90.5627076549343,35.9213870407839
42,165.7462235599,447.510126876242,130.672608175685,38.3211220337543
42,176.877327476958,483.276640307771,134.91147118945,32.9815006904857
51,163.529183898652,397.145378936738,87.7994590139262,45.7831448275013
24,177.316207343648,399.209652573298,111.6862590653,37.9623001015568
66,203.056004725398,421.154439062837,95.6233458662311,33.7333244819952
21,157.94779891499,411.887253218378,101.131422568136,34.0166092292216
11,147.434836312954,416.325283188703,127.446343701105,33.5395702522225
48,185.843958267942,366.189553022779,140.109501291194,42.7922117613734
81,148.979454756215,288.390305358945,112.854410186544,40.2257879698871
100,144.720189935382,377.188360998735,109.995935880712,28.4333997015912
73,198.710353487848,436.953892230944,116.167164203445,33.9449351813254
47,178.304849596428,429.481932851361,91.8658250235313,37.2292852780702
33,163.612821831393,484.124690078736,110.511785399559,36.2273137523319
70,139.47357889503,444.718312660358,83.2345888642099,37.847199768771
66,200.044815860425,435.338392852661,90.0330988926139,32.1594507078166
14,154.939081235861,426.645639432147,80.0543193829371,48.6913036295767
4,154.964460238354,400.653139097168,91.2129835956297,32.6887154946043
22,191.078284512176,415.857892310483,106.716497323546,54.3873849989311
99,173.235662779709,453.15282094994,129.723361962426,44.6245806962744
3,171.461889571255,431.490018640035,110.075129751894,40.3973407657553
46,171.961622744984,496.94443991725,86.6350134669292,44.9596669378542
26,172.818907159714,404.198774058439,121.064387772238,37.190636937979
88,156.426261147637,460.025193230979,119.408524423857,45.994486785079
25,163.54675548394,447.190547270157,110.892670578797,39.243541016272
19,170.007518864423,506.607583759366,92.3541735653889,37.309397860742
35,176.716457386881,489.185789924929,90.6629164075888,54.7769750235054
40,176.045429449764,415.852931350025,105.015423434027,39.4201571697958
79,188.361742516565,458.026128655441,81.5515083177567,29.6105995560038
34,154.859948092405,460.679400303087,109.779719293787,40.0026301010724
90,185.493595801479,424.478539852952,110.848073395754,36.8297434594207
27,154.232930154262,410.692622226631,115.936465136805,44.520124670885
25,157.589119204545,397.467634820731,88.0293904522144,45.949804040294
50,182.530531925089,427.116780642869,97.5001969638245,28.1311399967118
43,154.835963965446,521.029607889262,76.9960165993874,33.4675035185182
25,201.285723509866,476.985529982411,101.763258158765,38.3702168030081
15,166.395630974715,434.880285479063,123.617605527903,40.3792531347233
80,181.079583950349,375.517531080355,101.949490015213,31.7217633437805
93,160.022105615145,471.581104412554,96.6705331542674,32.4049398940693
73,167.645897739858,472.473023279612,96.0570451008305,53.2839674515226
24,168.136298438024,411.389654739656,104.113307507361,51.3537070584174
13,206.728306249449,525.949411832544,113.345482358673,49.0407653478475
99,176.628089303325,422.163627322785,105.017653810652,60.7393562777594
92,188.628024630427,447.62378250588,105.915042582986,48.8897972071563
49,187.087159298483,374.590738593681,102.726437374391,41.4342325462135
51,167.325457815291,442.103890912998,86.7561257383713,35.8195540338533
97,176.666258106877,499.426902881034,88.6275417557475,44.662876824619
65,153.154267878643,495.810886209058,92.8805072683478,46.4305477209166
79,192.519487358912,451.948914636716,90.1959938673293,37.0226003532546
90,167.936610398499,333.073458080259,88.0408821704751,33.0463974591136
24,200.700664034794,472.544096742157,85.7047720866167,37.0280745675385
21,164.292052475769,362.756781327043,105.11484495637,51.3863918185195
27,179.999947100162,462.452022643061,111.896135426292,40.8831487457179
20,135.220002751157,521.525229638179,120.117867793103,44.3807866653027
38,157.998921365344,360.240888000838,84.4745082715469,37.3570315706714
15,190.055862999572,480.094999687585,90.9948049861476,41.5797348558548
68,164.425528572626,469.758358623069,105.070875749677,42.7344062279483
89,199.851919050718,362.002084119352,85.9879753323202,41.8820464486533
56,197.153518093727,403.778848263598,89.9590005865154,43.7713364479742
63,177.503801379443,415.428666417309,92.448286427307,36.381773065047
37,176.488969111952,354.70451249172,104.871453307368,39.7988858199155
38,133.6169588996,483.200524251846,96.2648873358374,46.0072350065911
30,164.389603644595,475.265437189454,88.2792561189949,47.5052485346699
83,165.042563789851,491.194116103353,100.631437211671,42.0787943033018
26,160.730987336715,479.628883488858,94.364592125899,45.1808775506979
16,166.312935009965,467.909839550253,104.411841488396,41.9554941818811
82,199.560835922628,477.312388604292,105.534438327167,45.4105373832793
23,190.36191799589,494.730271912993,86.7008930628366,38.013181565259
88,195.645751908038,449.49285536456,105.353880753184,42.1075765073142
90,165.934039501171,408.612846960463,112.757845651647,37.5964071170312
49,191.428514502658,505.933921466188,111.680618561966,46.7839309299062
3,160.936267810774,368.843963891831,127.945450101091,42.3241913995408
25,192.579666664682,535.707353620161,109.637802024044,51.3212018749512
42,180.214154300032,384.695330467239,110.095864551132,36.0451502053661
72,156.861439252878,465.088818118673,88.4764606744737,42.6105620751449
67,161.945018277585,406.209309498954,100.156771519927,37.8624493398625
13,176.969611408364,468.842807181923,120.801369867846,46.8042254775535
16,174.577725687289,461.286550377495,107.217834564491,39.4204184511302
12,183.656273105624,420.0898568729,102.719404965551,48.2450812743006
66,179.298922527261,541.99047850332,104.763639553645,46.0105144164009
45,209.845702414416,529.742342423873,114.216898934709,47.1679472888311
31,164.394100761465,475.975610457616,95.3821659850689,48.9791226938089
16,178.084383259563,400.47913114366,98.835480066311,35.6890276880276
24,176.649509091542,466.538954916337,99.0869934041832,37.4574242273555
71,161.504752654217,367.029775399322,91.7392159163214,37.2376650629094
40,203.370488920523,496.668708722062,93.0974702507148,35.5489942357427
42,165.684797238717,339.457238344746,108.169472793425,40.0826427749154
16,170.995646723153,327.3482711533,126.586689062364,36.7456433315164
9,181.227228953675,402.22264990966,99.417566802474,43.8299966544456
95,199.365667714043,484.554985151906,114.079922426049,56.8139279717706
79,180.622215332018,430.436367203677,102.759211333716,37.0431091864353
10,192.349913904174,391.039565373222,101.483284271589,37.0944553034727
89,152.167511884215,467.434025426034,101.697051210259,45.3272459469187
41,145.699569867666,441.349899515863,93.1431347365095,47.819705685155
5,174.51472730929,352.926777250628,101.987307086883,46.5293045034706
86,194.749965640481,510.245406058323,114.883754285226,33.0118212829117
38,175.794302860953,547.963314574957,101.01044201016,41.0489666599866
95,162.45384123633,344.695653800666,97.1664317059063,49.4194263397077
60,161.881108899122,349.934903842422,96.5170701646539,48.9425642392021
9,184.999426931011,395.039317952774,106.623688955042,44.6864986159346
63,175.178277026851,453.322507946786,106.844942576032,35.71258853894
14,181.744748296242,452.724905680437,94.2676114526829,44.6625148018116
71,177.761057118571,411.785848240485,110.409747981278,37.833722059095
73,163.126340099461,481.772014237357,98.6910784837069,31.9289527889643
16,188.357273219514,396.188605485097,108.582641516097,39.2291671519693
75,132.277034404385,385.366713002518,103.831251923855,36.7144630951178
74,199.119044592838,439.180380053252,91.7779416856314,44.8600272769336
32,167.922175281958,439.917268798239,92.3117250242062,51.4022032291165
69,194.870685555634,492.578628807592,89.4899707404797,43.1842366123297
55,175.56175031934,492.466028331467,81.6873432812487,42.9118809935038
84,180.264278327732,422.915989479323,81.6674892862468,40.8744613097834
78,167.66783626612,323.964490795059,100.936133100918,36.3774817088977
59,182.549957449066,393.894616361439,98.5569664498185,54.79192380026
56,192.453036534321,349.275949476275,86.423057862076,41.6479038292799
50,188.990924039621,382.652996303286,92.977742601762,37.9700604309916
49,172.77069258983,430.199240860656,98.1911586136109,41.1616905732115
89,169.229161054212,404.68766064107,123.704311429667,51.4520648332443
17,157.667579500718,485.989260823117,136.728461911109,56.4690316589251
26,170.745454840428,331.927452046704,112.444140842539,35.9678030842698
59,154.303866851875,498.50033057566,89.0599030154577,33.3377179831053
19,153.924550890505,539.635021050664,97.113810565417,44.7890562044986
4,148.204346974561,247.94654231854,102.790543539109,41.1582243174715
27,141.857614362831,434.705604109471,112.238344349477,43.3803591132684
1,161.752936340467,448.206942996953,96.6501178093661,45.9878464315128
76,172.011860057887,472.104426019876,85.8859398568534,44.8948117859272
85,159.692805603996,415.200252800201,117.592221729613,35.2231328599873
13,183.318371767241,490.415960262065,108.947048048383,36.2154583721302
91,171.298970579209,375.49125787718,96.4320380406821,32.2886139517783
8,165.084955522972,359.427762784239,92.7975971823227,52.6329966669689
79,206.934553918437,423.353298787419,110.745533472123,35.7086424517844
49,157.099358926689,455.665941769647,90.550601830151,37.7674300052448
45,180.871498087964,443.309650443922,89.5199979591332,35.7917558196951
9,178.97073394549,460.455518482228,100.598092423879,42.4000160701778
55,185.943135056493,471.608785853819,109.156950145136,37.7749229111859
22,170.653557210953,465.575388576286,130.776182164616,47.7944138935031
36,176.439898627441,321.735789833802,118.045209360723,45.0329762437945
47,163.759154869734,393.802593687355,106.783176571022,32.7720640038438
56,189.684113954922,505.348542589402,128.79059966917,37.0709095605502
69,149.047462019252,549.39262473511,129.633838874066,32.5378271689222
9,187.208105548712,348.998472486665,112.952334462955,39.4318858515
69,200.846506945286,409.887072929855,95.4972726870029,30.266070971387
58,187.315431719096,380.691815929067,124.448821109881,42.380334361398
92,171.28251609909,479.025017075864,93.0541333587359,34.965988669427
61,219.46146255986,498.212267512037,95.3886538396857,40.0719416144237
74,172.450556670391,347.429203516387,121.402111971399,45.629742526421
83,177.838880176905,500.359904508736,97.648512892526,40.7297329862272
26,175.377740443142,412.487959399727,110.650119385834,48.6964507106497
27,169.612059171783,448.004228399566,89.2162000016531,37.3875423280379
55,174.590610334655,507.491979715029,93.7885179950672,47.5745187864551
67,171.638539464425,413.705137478258,97.3025324682343,35.4289625300066
93,179.323884189574,393.594057438078,96.2741418643018,48.6653329163507
20,172.287879177288,460.487371417478,107.832634386962,45.2371797458912
21,160.561193647569,521.95118631057,84.3818438534334,52.697890659593
96,173.076498117339,514.133159691226,110.591361325925,40.7891882102647
9,177.361392859945,411.8797680977,94.0628857187117,33.3160171216331
49,161.985842583619,458.382083598972,126.569571229925,38.428785612227
4,184.624796893938,486.118809742995,93.6911936842653,37.3134052057809
35,198.495349992458,448.031450022601,133.917453684482,48.1921078932911
65,186.505244402271,454.770334576984,116.009078816312,39.063242956218
96,197.688570554726,497.463826772273,87.9139202069582,38.7739495514945
12,175.212392220178,354.941260091917,126.082396538178,28.562543077273
56,187.0111913813,387.683308623664,106.05021608734,34.3024504585898
73,164.192852264059,484.630223268439,132.3644740406,44.446666999746
18,169.07051256995,329.124200170009,102.751658544669,45.2379760636002
76,170.073030517956,496.212554006599,100.076950970494,48.0689764219451
37,202.325788105616,478.994962942929,133.723534301314,42.8108636998501
77,153.332660229222,537.663846049343,112.920791150754,39.0115318172887
80,145.340281308748,413.513005371884,82.0365361190904,39.7139400563606
18,165.318280232617,373.565043208195,102.253684422738,39.9837848111927
85,159.04389621574,438.248324187366,106.648733980916,42.0414699704916
94,126.040133470552,483.308296977678,101.131717096642,35.2209709317743
18,175.846640387504,414.611521952042,89.681898397966,43.0122416714718
19,188.209526693272,536.636820016201,96.1490012194449,26.5540525349241
61,166.759092365945,520.01964719941,108.709499422975,33.047848493131
9,185.41059990056,414.882036446275,108.605358468272,33.6628647198196
90,176.341970866382,363.235178895874,117.272899695121,38.7446250245354
56,171.842679780134,390.68543505096,101.140115115189,34.5082891553938
99,171.953506772563,547.786879740241,100.094384269284,43.8781453077269
96,190.564704077284,403.199857843787,84.5357486852999,40.4809928821418
78,181.860426294875,478.440404206692,111.588667802779,33.5676422510871
23,165.879843254789,496.554409461958,102.839246475183,39.5588419137078
73,152.944928510195,399.940013169132,103.879086070969,38.0724489621842
29,172.980877936277,453.410757798613,90.3892638913662,40.7285620853562
83,140.254276560583,501.275691439586,106.624244814124,48.4394379644133
20,183.690060326887,506.710667235219,108.967403068778,43.5137535699644
47,185.499948057613,485.920050579599,103.221656298947,36.7732062847017
58,175.254561919052,462.318016504449,102.761438082469,44.3798175683296
47,158.756283753621,476.599910230793,101.988058116517,49.1772582752148
60,169.504003582464,427.91195497573,103.137707705056,49.269822629694
43,148.371506442087,404.978215418972,103.209951824138,42.5546648226164
21,156.375227856419,352.968530124253,116.056165121609,41.8022229022677
34,135.391093671303,407.745860350697,93.1678702991317,35.758415641031
28,188.751773002678,427.938144590535,116.30148479944,42.8361795357269
31,199.44167802073,512.560862954465,140.556321648707,35.0839731933207
75,156.403253613837,474.325152074682,94.1478148521337,37.4731843102307
21,177.427916559956,470.328055186269,75.4621260467485,31.7934613932677
94,155.622224470169,417.621006287172,98.5134060655089,33.1160904330381
27,180.004029020989,487.007369720311,104.194898834612,38.5457381816039
71,179.884924294122,353.113238513393,106.265959339682,34.1216302044616
71,170.762404679191,344.802923060089,82.4148685347311,41.0750968308797
73,167.954748924968,393.718330608707,96.0045774590672,37.6602890857288
85,150.623517441386,367.258014315553,86.816422807889,44.5360366654896
83,168.055046248108,375.005708031645,101.195685074737,42.9916905861538
18,168.195700303203,403.739201110655,121.421770975497,37.3537550481212
13,176.969611408364,468.842807181923,120.801369867846,46.8042254775535
76,188.830516236299,474.361866048817,108.140897127122,40.7562964376832
77,163.901138936246,467.255016572859,115.303869600878,35.5909720512075
87,167.732834451193,413.745816796319,140.686147051015,46.7790486390471
42,146.626462995443,508.674203525145,111.275682245452,42.5060224121629
1,179.30315305501,499.777962383718,111.833027646993,52.3830967199205
30,147.642724404973,409.059489980737,88.5235543020201,47.767963873652
42,166.89676854365,417.019456868119,98.4397601461352,39.1355464407887
24,189.052718627878,459.109874582628,102.188181771576,44.4108123051574
92,184.833070364755,445.06091097502,115.062515426579,43.7080398740341
59,159.588760012508,414.32227240691,111.405537018666,37.7224005145923
69,162.356587072602,369.881415584316,96.3546966891459,44.3357248485481
92,201.06520729291,416.680188892852,116.649338956481,40.7060078004903
20,191.651880241298,593.958187622317,128.054451641533,53.8039012408425
48,181.032799468324,484.957151873649,104.547808070099,43.2919501194924
21,157.259030030444,457.280651238733,132.453498256494,29.372617531961
69,180.094283323731,418.924623052604,98.383808210557,33.3776550545928
2,173.166421521321,379.976048568712,101.382419121691,49.585501998223
37,166.044915490863,455.130879750818,116.733187420072,38.1047850514936
48,181.734891040954,512.865668415406,102.86834921006,30.6757091325833
73,180.376456848506,450.112822624389,115.983235832814,46.0235327481741
2,152.519354266021,456.358914287396,89.846559597485,40.3450767615568
46,133.730717550749,461.447971953366,99.5060531671829,45.280190724442
49,167.903493356969,569.455668458916,92.3368486456577,39.0441498616346
53,167.206856437833,418.124861920418,111.331938123644,35.984018595943
90,188.397225639262,447.464898947396,83.6502246945606,39.5284169274355
92,169.825777501466,462.871685341153,103.342860770281,29.4588620942757
18,166.697147712996,395.012134623302,97.2751854856852,51.1269741720362
50,177.200526602485,375.676095670122,98.3774001706969,41.5641615975811
44,152.686759229941,539.12427145873,108.061563670836,43.7785094217823
28,165.151276599448,451.358170111742,97.1147680001116,38.884050117697
44,186.4538642342,417.64985877841,107.196247029223,44.2138152778414
50,184.869634906554,306.793760752196,121.642407573393,41.6894550368254
69,171.462042421534,375.712311473241,88.5624953535895,38.6783476702328
10,177.901855907743,442.657740459724,116.030555950685,39.237314942849
56,187.130026328999,430.346929287484,86.5851460549906,44.2629802651373
8,156.839062918952,432.468654136672,110.54554035606,39.3325230269168
36,161.069534515412,414.906055428225,91.3749319778174,41.7346908445194
29,182.306449402956,480.35809824416,88.758611096401,38.0785755057407
81,169.567241699199,389.714269518769,127.786383603077,40.7369907025926
34,192.364187023107,472.417341320698,94.5215105958303,37.1798309273224
47,191.072125751995,329.516887535571,100.313112253374,33.4469045444675
23,154.669576315446,479.023395462532,88.9820232016587,37.6590940415859
99,167.737748634511,423.636149135251,101.205225438036,37.9651849352643
35,160.242690866642,386.200704871892,86.862044454351,48.2885757268012
100,188.991875354967,501.034875614943,119.450310886105,39.6393337083013
63,174.235556899083,556.39274902927,107.494571388529,39.7716508682392
70,173.916408626443,465.569356485871,92.0708698706049,36.5108823225249
44,182.675916797886,391.447549906215,89.6841163803755,43.9497210716957
79,181.109244692198,548.206686093658,98.1688876224636,51.8594602026798
80,174.196681689422,385.580203014879,85.9977234130668,37.1303858215522
64,174.715573585115,374.364176465275,91.9371107954314,45.6422883838194
20,158.642867812414,435.620792016675,88.2077249709318,36.2062641098311
32,156.904538207797,399.489001575754,98.4330158873442,46.8524061492966
59,186.915997654948,523.788251019569,100.50276059169,45.104598519596
23,160.161428358659,535.961692042105,106.379245240396,52.7341817100471
23,172.701204527173,565.379022505704,105.915381894079,37.9806737012676
7,182.063094168322,304.45402158642,101.973423309082,48.2426859371821
27,172.667252196717,481.375518141692,91.7535125509283,31.7326900426377
76,157.933207712923,563.754916707825,100.686122392586,39.6205206160329
72,179.936862659427,521.056277148485,113.144762711382,37.1828869402488
40,157.602275688674,419.235092649792,128.184746192963,36.8561545323828
22,186.622422303786,567.237011470345,100.567478822822,35.6125111529693
79,176.60718635454,494.57869132377,101.214534243585,33.0851452842437
48,145.858458234567,360.262992708589,112.066052877149,45.7952749941469
87,171.052366573784,335.865110488234,89.797265517843,44.987568459659
41,178.618912418451,452.433171198061,110.074313487395,34.1236218678161
42,160.698584172281,454.899701746011,111.116773089909,34.191210925688
82,159.197594690097,452.421728579154,102.325360567868,36.2315896138466
85,196.44622364211,470.471643438949,103.955038418645,46.6062562572083
85,176.38996370707,332.424341881663,104.522871982718,48.832996758881
34,184.420212482506,474.747152024317,94.0997772936822,40.1810612013107
21,202.046266813754,405.399451040913,95.6291028915715,44.0983631056404
7,142.566567005598,542.815223147141,120.158571732351,35.6210294616839
33,191.485890450252,398.490160163856,89.4923044545691,44.7402772192707
16,166.89811363771,455.996641471617,98.2977806707935,45.3897794018551
30,177.954615341928,391.748165303299,95.3022741726695,45.8715138093721
36,176.706476482791,460.621231357406,87.0797501419884,38.8769466708624
58,187.551600951552,408.652961463384,114.885897394458,30.922470942848
2,170.406864284005,497.550517476716,107.976165133631,45.4631546298393
40,155.268770455041,466.050787354134,111.071414895594,39.2585736092654
49,160.505290729536,463.956359048042,130.197109189896,34.7209896645818
24,194.942895489913,405.252826080707,92.7559170634119,47.3430668520069
57,165.741747494256,451.663857243012,107.750891192193,36.8960774660879
98,154.125118673811,343.460134988231,85.8536726514998,46.1078006491538
46,141.884768698323,448.495382647804,102.62568290933,45.0743759017934
75,171.688584387349,477.105012101664,91.1547503204025,36.6820242961951
48,192.372818509238,382.88478537044,101.308905897868,39.1949808189987
46,178.535092161881,405.232993929023,83.1315611959231,41.7097541691539
60,174.744870033465,331.237474912612,80.4773018020434,37.4631438390552
35,173.52497773207,509.311306421917,105.425258964018,46.8938601720455
10,178.040002121931,479.930119040793,82.284572800363,48.4127474830018
68,146.070589678346,410.056689633634,106.030777036475,36.7152739202093
75,176.52763035681,484.282095955162,95.6572874148738,32.5942801853951
88,175.887919755369,310.912410877499,83.5471845599888,31.0616354075049
98,178.078796720393,384.575261715954,105.645361242629,29.4817382478848
62,184.001565587067,478.82442987368,103.208299936234,37.7227309343359
35,151.541682376165,389.826399142925,97.8385021750678,48.010223848445
8,191.809363872485,544.976430347453,86.2787037797234,43.5977816686877
17,182.200482196758,432.586862025797,97.6824824397957,39.1832987784492
6,198.121116191113,394.962678386941,96.0585336951623,37.5595821797236
64,165.956565227213,390.210552874627,92.45941757932,46.9440420794194
70,202.168838863894,387.49621140083,130.285272584288,43.8618156204549
45,173.289441086826,547.846138816315,101.84935661871,44.4938593992695
37,154.147746505268,403.416045689205,136.453195392963,41.2893937831563
46,164.407906520927,485.290157846749,105.531238491612,36.0470572129887
91,161.944021509631,398.973211773616,95.4314675691705,50.7940103012491
42,219.578812235337,424.375101051238,102.245874527324,37.7081221027834
85,168.892086964698,413.757350282204,98.8727795597418,47.1248232525345
70,165.450045245017,466.029088025337,104.128149218537,42.6683571856206
30,163.500512157871,444.81729449722,97.8425987913966,43.9210016904065
81,163.599785864415,415.769357963448,83.8827524432562,43.5569225114289
71,168.37962571314,506.181157487248,103.773003778698,38.3794762315696
44,167.85243375013,364.232958182842,100.59441083704,41.7789137159791
27,185.893002732785,417.899306517674,82.9061804372648,42.413074267077
83,193.600438996103,404.159624235556,115.846481965146,46.8684878727844
94,172.572280711489,438.3911615407,127.801026644701,34.2750115165514
15,192.213961597589,341.783088916382,94.9038211390681,40.6799921111742
62,177.885735218461,374.242272822455,112.643363219203,42.1139089000965
44,141.689339582051,414.659560716041,83.8837962911948,36.6379304301522
34,166.31035597488,345.954619257055,125.275910684501,47.176260393241
52,160.623236184466,479.806757140336,116.660407234734,37.4185720311282
33,172.004569078189,519.410768582542,97.2789499331714,46.2079921309343
13,165.552712198256,341.013274472052,110.635541315904,50.3730966402116
48,178.92022580948,493.555044177879,92.0554690903549,39.7333475080125
84,178.325868810345,400.368522080999,105.423788025817,52.8747428758197
54,178.721954618354,393.096741970204,89.3370278588155,36.5952252756811
89,141.188675576358,321.70437008356,102.011108045176,40.6796993132455
95,184.973554976498,498.056626070997,119.191311323297,44.5915725640605
79,150.045563969884,412.2382890702,97.7434026574598,52.5479681018322
92,191.782151018162,462.571108309692,94.5764457864846,40.3543977657146
50,185.70517254493,431.003514735193,101.255408150404,41.6620544177636
83,177.838880176905,500.359904508736,97.648512892526,40.7297329862272
73,165.05998113908,423.560865513219,90.7230021528134,36.1691361775094
31,160.301397384336,426.461411119065,98.8067655139048,47.017487486606
45,159.497058492373,619.694725112958,123.737846072683,48.6788151349995
38,168.465596485189,429.48574030686,104.925981936828,47.6802676426548
24,181.113923106845,446.604492143999,124.083006664367,49.1677166752152
34,162.15890657675,393.140594773196,133.341364938196,41.0817075828501
48,160.818623484351,404.466433803185,103.380003716262,46.8978449030779
43,146.717066777567,378.344074783037,113.731381295054,41.8853097274846
76,178.467735278498,365.904233006246,101.198836838556,33.6374528869423
85,177.22960830972,417.202468235116,114.143592222216,37.1231726725163
83,201.187458661614,496.580232590881,93.93265632274,43.9878440012405
63,174.40830614533,436.922020319989,86.8597955495773,45.2086670380007
20,154.291297606329,449.629825392361,113.943643548389,28.6038647667471
23,192.114851174845,457.694739568425,151.15815606883,43.9687271403609
31,181.865453047291,422.33710042739,110.449161448453,32.9062727371014
28,163.372438072961,337.912120096514,97.5969428517696,43.3965420816506
94,157.924841926427,417.129547698655,139.750755367222,45.6816195704851
21,172.971923428287,387.189416954952,93.9877075637922,39.6284398514601
47,164.614798866327,414.584261320104,120.079789655903,45.442370185182
36,180.548598123663,424.231254890936,121.810347972353,40.063306570969
7,184.217377797297,427.750822224626,94.3357867351991,40.3805719838454
13,154.714340701268,437.289689309245,119.443722380057,37.1954088002784
76,165.539531649625,466.633581266978,137.090938400485,42.027156449779
49,175.960760631874,373.818458780174,93.293243105545,52.4405318917335
87,146.298242823447,314.722741853173,86.2019167883818,43.3259424820895
5,186.68512499349,502.719721546167,105.968090618659,38.5890186241814
20,175.766099107718,519.820175384695,97.5648268215714,33.0969673557214
91,155.51500331077,410.932754154783,94.365914087593,42.6932374321536
17,186.488397641852,392.333073553161,91.9581626702119,42.95754049908
28,165.687173005523,341.667932550685,102.64075976692,48.9763852315625
56,209.881919660745,456.998210580068,121.198937504502,36.3403307352724
94,172.333008209613,516.233214615183,100.084130739845,47.4639530717464
38,170.451492056937,396.066447340173,89.7265080653488,48.0040172647447
39,190.894074500465,331.860345106397,104.599720683163,35.9541536132578
25,155.225938280472,379.54204942575,106.530789008711,49.9376235994853
98,198.406749852156,418.53293435842,103.190058140377,39.1784335078522
59,168.463384520646,441.852254199639,89.2929618117978,45.8734447622967
15,149.157214320245,427.012719286213,101.993797773709,35.329058054234
54,184.475837441145,465.374877610489,99.0341158763901,45.0879483966746
24,194.586762044345,410.668574880878,85.3925796945355,53.9338030609334
39,168.907118229161,457.800355734585,95.9888913767154,27.8929310398468
62,181.509173530161,373.107972626603,92.3646340966445,31.8941772226897
62,187.607672949638,410.217558630442,88.5980251954659,36.6893128230661
61,179.892211203776,364.607637777939,108.79532190077,46.5640740587146
48,176.263710196818,532.133905672242,122.702854581211,46.4538569890561
98,190.707923046247,370.853037302714,94.1188290005151,37.7997581872103
97,203.907877042042,412.513797819794,132.485386554878,52.290860001245
71,184.047398993491,420.827056584806,99.0284149532132,46.0074208329952
89,149.7959016286,522.268551505669,96.8476982927097,29.5456608918346
48,134.083532459179,352.522692093621,103.49979464132,39.8737558898112
2,144.162801111779,382.244965484661,90.053585309855,45.0301598196177
5,142.193181530357,488.227123387119,93.5617175187791,46.326911073536
76,168.673103450868,393.378075881613,120.917842564326,38.9014854355575
24,166.877785224346,340.217039938796,95.1001204734748,44.1246517885633
11,187.687536198704,445.545419736058,95.2467895278046,32.7261765111712
90,173.028768069836,395.749312637787,104.415590231751,34.7655795277256
35,143.903687556064,495.947502549842,107.720485487276,54.8707745508054
34,182.882481404262,497.276996504763,109.139183008278,36.1089088339917
54,154.187324874261,516.347296175386,120.463707467638,40.4055323630272
26,168.413987476347,417.459142157892,109.465349085482,42.4589103737101
20,152.774139112016,352.825845336696,97.17911977913,40.1302925778531
53,163.15878241441,435.332083241799,102.3755413987,38.6326663768878
21,156.375227856419,352.968530124253,116.056165121609,41.8022229022677
98,187.617050404447,538.983380506612,107.059645750727,38.5743264402095
34,173.163747626179,404.748080479705,145.481231180303,46.6855088964351
10,190.062262925268,383.739246847319,88.6540625398001,32.9110316534883
100,201.781023378851,520.820195395926,90.9445708042671,39.0668915267886
13,165.182593797246,406.53016642376,80.5410710406462,37.5869615752661
74,190.84801595569,508.4744697999,104.94322132826,39.2681442706767
10,181.587722824712,372.441008908118,92.3164965318943,47.4079100658409
27,162.668153069434,549.893934046885,102.946986439668,40.3413102642491
98,172.192833736377,466.71873016099,97.2132161830016,57.7988071236514
65,179.654694271704,509.342700597981,85.5974425651299,37.713399053548
90,171.318740972341,414.212831577232,105.641444957021,38.2894675332714
5,214.054607826111,552.736653146183,105.245765398394,53.13133838074
85,148.929426919459,385.754770206256,107.65969472387,45.0128802187844
48,185.249100958839,487.963607265307,89.3391839003263,50.6118550813438
37,183.447727390718,344.630168960003,100.738806473511,43.1051689318701
2,160.245230481765,463.468180021868,92.1834139518625,35.7939168990617
98,146.506177739098,484.758588537026,115.328395603786,40.9849966062878
24,168.854195215742,482.454778246711,121.427230492952,39.1920588072128
15,180.976427219325,401.045407810301,97.4817323023381,53.12817745525
49,178.574309196247,378.404203757297,96.6872433314794,39.5106182401686
43,189.594049302307,442.860928400957,113.384091588525,38.7733180850455
93,167.859772021467,335.913459536396,96.0750243926663,45.0341052772717
30,194.438499650572,317.897572943144,87.6330089688595,49.2481881598765
18,156.713388710577,481.47078363317,105.397997980553,47.9564816868311
34,166.377262224013,464.229142465509,98.0569538808389,39.2771192588467
99,183.400408316784,420.071574261529,134.192475348079,47.140215065337
26,171.093473338363,416.11899285366,85.9258290976166,41.9340489567914
46,145.308619478692,371.274538516758,123.182612776912,41.6635613081348
9,188.06703298181,510.053531088317,74.2393262387079,28.6490232420779
85,168.86080631662,407.164941831325,102.541297749722,44.7539836495447
27,172.799475867816,423.724528853855,102.699878232201,35.5049412181049
98,231.317519507475,389.259019828833,90.3004118604598,50.5452014439745
32,186.183847016695,408.164942518954,100.476824380455,44.6020787991255
80,172.839338629795,466.050105950538,102.663740657141,41.524656547883
8,145.107914378589,508.79760555563,107.481496599419,53.1709952814655
25,155.225938280472,379.54204942575,106.530789008711,49.9376235994853
56,150.480637634988,329.005947358056,107.078330122532,42.9596583344499
69,190.207605412189,444.775495112554,143.877951985893,37.5635879338481
79,166.747733333055,530.176777974225,80.8252799457797,45.902295029292
88,176.23504626293,471.802557094525,100.570302712861,47.8919224627006
23,158.378511202547,377.730132430443,120.750996663646,30.555653052204
43,168.223606679052,478.621007989389,84.9321525800021,47.4483915307246
7,199.315131190654,515.347571352448,107.900203699662,39.3218714893641
39,165.63687968482,496.254573297807,103.47393339265,44.6092479618
75,174.96468881658,540.790990520056,103.761249426083,38.0653808347191
62,170.542134006459,436.239976315959,84.9725147233989,59.2845529230681
75,176.987781427411,391.803112506728,81.3162833926933,41.687400616384
51,153.336187777519,501.325400575907,108.640446913659,44.1472333089892
98,198.067045613322,390.162676947861,94.2802806796125,37.9746595496068
42,180.446105623956,486.228640100793,113.925479326078,48.055592760307
51,156.964754578785,283.714386497636,108.913333204332,46.9149424761124
63,191.348607953532,432.323506342312,98.7262247595534,63.2460175264756
61,181.607936137864,482.116692480476,99.2032028138562,35.7586266630601
5,144.380920535202,523.594178717354,106.370308228546,48.7969047269247
73,129.429330728577,427.378527682744,91.2147497576678,40.0962450312866
35,173.52497773207,509.311306421917,105.425258964018,46.8938601720455
84,158.912069274895,427.399318585269,112.961737695211,42.1640986161693
84,174.98904459375,493.179363026782,104.107267061767,35.4660942088928
52,179.556413136751,522.218397622564,98.472420482195,48.2788980851383
74,146.745188834181,466.29864732664,99.2524281005795,33.9574088301303
88,167.120836885369,446.798975065224,101.561216273941,46.7361928825844
4,183.0221454203,392.880141565665,98.0537789413314,43.4696209054002
41,174.530219660371,350.250133928789,112.417875622555,42.6887528809094
13,159.583532390037,432.468178919724,115.405976250692,40.6326160946606
10,191.113154908835,291.11172229786,101.504512009128,47.564702977318
19,167.033845480539,511.79409591581,109.21157959583,41.2818999484286
16,173.151400110361,474.377202480886,132.558339213484,46.4824399725085
3,143.457629597942,397.067867264465,102.077839823899,45.1047291979147
11,147.434836312954,416.325283188703,127.446343701105,33.5395702522225
22,195.439213190808,442.662395154328,119.805483449951,51.780728733067
40,196.931978003881,421.025334305721,105.323121278378,39.8178014509253
95,166.314587111221,453.228024294356,119.824564230216,35.1471637971164
74,182.649925157406,357.009246512914,112.853169747487,37.0164547362358
71,171.650764268603,454.904661119579,112.225703836154,40.6489118094666
45,184.529841298304,400.026842667009,102.329192484042,40.132789521381
58,167.187100087263,331.460659282228,106.277020711989,38.8086117118372
71,158.064066049106,426.482995067366,108.847943084581,47.9710305863631
52,167.135645168073,296.190021953548,92.8291653541294,58.936244968446
28,152.461532964618,451.166734155052,87.7915178166971,39.7338833771855
33,168.066155750812,469.855383388191,102.794997034086,44.9328622406719
9,193.110064938317,432.415334436047,98.0636026756792,39.8657393974438
17,170.724187869026,330.542587046007,140.377836389848,39.6961162363662
66,174.108412745093,503.939377144748,96.3471865274736,37.6272853788933
49,197.175687250619,399.118354626278,85.8003100891581,47.8448252121372
12,200.863850186651,496.258060877102,96.8233217462175,43.2491243250849
30,147.642724404973,409.059489980737,88.5235543020201,47.767963873652
26,192.206965896456,469.892661001352,106.89796669059,42.4875169860301
23,181.649974362712,383.356113462378,106.225173173743,35.5703448474896
3,165.525990631159,434.579801063253,105.476709275871,35.9013971556154
55,171.548824151233,449.702539683634,86.5679692347396,56.5884658405289
13,201.190184856399,455.792993145484,168.9925127005,45.0090647031496
69,182.346199263269,318.548106663118,110.913584103454,39.4580651509247
13,177.375650580832,276.73043404273,108.299302347994,47.7619358432855
51,166.547968267805,445.418615946361,111.307933476602,47.1947763496855
90,186.241541008093,429.858546966984,122.065911149757,32.0670600843599
70,201.328930656622,522.125658401756,93.0135447723208,34.0637575499934
63,172.926489425824,438.958127675321,93.465311828176,30.8731810456751
94,157.924841926427,417.129547698655,139.750755367222,45.6816195704851
16,149.934545400835,469.254380469415,138.337244092969,34.895226927605
8,181.265334188046,396.334832050852,90.6406842035847,40.7906580622092
71,158.724284942291,374.150800171694,116.625250949137,35.5365290332956
85,149.178045899197,351.540475418851,127.011676236886,41.1775322713697
13,201.190184856399,455.792993145484,168.9925127005,45.0090647031496
98,186.593245186367,449.874673799049,118.521912266875,43.0535372776414
84,168.932046635988,446.655235697376,105.701122172537,47.2246428572577
10,165.604961504185,473.907987617227,100.576621661462,35.3472624768802
96,192.443080656266,437.148277217423,104.976638038701,48.2725839931004
82,168.77158075661,395.027522436516,105.958739592699,42.9273737338782
44,162.932904811772,484.801756568583,104.786287625472,33.7148460589319
95,155.804976944953,518.280909824249,93.9365742433299,38.2368654574534
82,192.40989971767,443.274688258907,96.3725860222387,41.985152842774
25,155.120880458937,432.488281364445,94.9687486555688,39.1396333846396
61,173.531878952609,207.448002095973,78.0276744025918,40.0798598743729
16,153.297188869819,388.050772719682,81.9546728456721,51.0804070306348
90,179.998936879412,476.089752577311,96.3186243351118,38.7165063643569
53,159.826054375763,379.318803265519,86.0895532498961,34.3130262185872
25,199.126787192167,413.395231092893,111.528256102494,46.6515912676981
9,148.911592688833,473.969454692641,100.255868092384,33.6426857942186
99,145.917902516171,388.545831815829,95.440536206084,32.626459864418
57,187.308623552718,576.752922544868,94.2266255760439,39.2421937851509
73,188.724014054355,465.155552160787,88.504510680235,37.1884973661545
26,191.980596609353,440.674165388893,87.5079022414373,34.730554828145
62,187.874696430697,465.932679002559,103.252091703253,36.1899628206786
27,161.766614082382,482.113889561793,111.365634013066,44.3429263852426
15,175.281570773729,401.538904845542,91.6272065333861,33.9652678379693
15,171.620821285409,367.927361498875,108.140210873269,39.6257761717604
81,161.163550779653,391.281089848715,91.0344529812154,46.3719796644397
39,194.380097770646,447.535834516601,109.164640899281,41.287010436997
73,185.743048329544,465.659852166692,135.069363346072,43.813223944333
68,153.606618664353,525.863932730334,106.228928444269,37.7149102291752
54,169.99035322783,388.973875602918,130.314441444682,46.6507102725547
43,175.79421949283,466.937335118956,109.056705227812,55.2347581920369
52,162.934970932858,457.479285305706,109.044316707831,49.7982210805104
4,235.493717474492,488.515673410068,94.2896968202261,28.0617412487823
17,177.622648171728,346.849178044547,109.302075597972,57.4649526016852
65,182.774717178703,329.728154377527,106.283864376496,38.0297975149143
88,175.547914118948,495.822432944842,93.1040273196478,38.4205061272702
89,170.859630519465,431.146501682053,103.670216693806,52.1620761034964
99,139.075342068367,294.505613094518,107.342518264078,49.7019775435091
79,148.037851783435,389.331818699361,95.4426964104674,36.2211624702109
85,146.821601394679,421.035427328992,90.3886962561262,40.7346166508053
18,199.184546013382,457.845819973091,90.2272172083211,44.9755405233381
56,144.133929373295,339.50776017995,130.650552279425,38.7905165180375
83,173.662066272711,298.778286269149,90.8799661966976,39.5921434243508
42,138.692468552226,357.899562154389,100.970241342828,39.5169622160939
97,185.490182352433,447.621588123387,97.8646872649016,37.4927184482608
73,160.627895944546,393.58497179435,131.324463284982,32.2855425122324
11,163.842485655789,417.59426077413,107.387169650557,45.1194788241137
16,165.248322761931,493.903229345536,124.097154348797,46.6021311935152
69,175.315193891718,457.907321074708,95.8232245778861,32.1946296798144
75,140.574894404433,422.369515502944,115.733910466446,42.1063768245777
86,160.984125230436,431.110916793467,104.872824604561,44.9097357466669
16,173.151400110361,474.377202480886,132.558339213484,46.4824399725085
86,185.716774547232,532.336024676286,111.458471065898,41.3422021632622
37,147.341041455772,464.146414545802,132.180429433012,35.8750702964766
51,138.76037486352,312.100684518078,100.935084852816,43.68690719382
95,155.481414345676,414.668948088761,89.6112448555242,37.811053633746
96,178.021545935874,449.971037612896,90.7118305007659,42.4630537592518
87,156.974738124977,400.944487604583,93.0133908997225,34.402453316459
8,171.68413970309,482.00722149736,102.576192634764,53.5707485210061
93,173.716868754441,417.560477320649,100.749236663436,55.3037422745431
84,144.164834975924,460.363879569814,113.611243618342,37.6209232276162
80,170.684783736643,467.325834033599,106.327110097187,45.9380807730815
19,171.381366989694,435.998175608117,89.2954187387436,46.543313987155
43,164.544647604162,468.914042605264,91.7297208594662,39.6932020961097
48,162.827988582697,421.869719319314,95.7672665246876,42.3199651907278
58,124.283157505668,492.317444634551,125.478587560009,46.4105767839598
31,181.659819953294,395.503796909086,94.8833477768202,29.7492706111314
70,179.076002070088,404.670494455128,97.2784974283257,40.0597900902351
8,165.271613270275,484.389341362744,100.710573530409,44.4443732702962
64,169.051153040349,495.830164924679,88.8544609295455,50.8092492548019
48,156.264963643867,474.722406537354,112.253976016642,54.1559828128171
20,186.534329626481,436.291335930224,95.2772976373368,51.1118011264801
26,169.942055712839,436.58324745689,89.5728721813003,29.6951072137493
62,178.005147401406,388.603868322957,95.6051850372965,49.7278936344037
94,157.591847118819,489.64790147932,107.346521533855,41.7969814413818
62,149.984773194454,366.488692090933,106.184714986936,45.0157116180006
61,180.321481731885,402.545116369468,109.504710565922,30.2978635306725
99,171.775480899478,564.542112295903,95.2060552815844,51.4205060282722
14,177.557847349587,475.228103423836,82.7394160789674,38.5391943450778
79,164.653106106827,520.279930695395,109.759039439654,44.4947172546792
18,192.310329393002,476.687662574552,86.6964013221025,37.3197770088345
79,181.340542130749,484.657100617605,92.7523860810533,28.5064676344336
41,180.040663739241,483.35521806487,93.9468918688653,26.6129346500376
52,168.536768105557,417.393484724245,97.5559282976017,34.4250828527952
51,168.441639602611,474.849058375213,97.1607107847263,30.2486596953188
96,161.309186367238,445.559024405704,106.714878733457,40.5630102545419
33,159.1638590899,422.482868550031,94.4107907363415,40.4788534987643
31,219.254319966232,498.381063518201,96.9212535673348,50.9013053573837
30,171.745336512115,389.008754084907,98.9936367548616,42.5348123719421
96,175.855097186723,432.198952796812,97.8318044541808,53.242387316356
72,215.390836467043,415.20332583801,98.2772279354221,29.3681031499818
40,205.634613147043,424.20518930711,81.3277652188563,37.8510223702672
91,168.503860000052,387.401855409199,95.369997097507,46.9983735005972
3,153.083073463033,269.430591178269,100.675294769474,44.9593428314929
6,193.354909312725,491.48653634109,95.4942750155,35.5470901570059
51,195.899676419497,286.393505248094,79.2260213742198,44.5958229560376
39,176.206194047942,407.537776076616,99.9241472830453,36.8094241635958
59,171.279000393144,425.063798963952,109.26233899052,42.401149098133
84,184.77776413154,429.823307481894,89.1184464880574,39.6439087346016
53,160.823547182997,297.379708540302,92.2105776417724,42.7761280109277
56,192.937660508968,387.601904953278,136.334514928447,39.6936757349922
69,167.944319758283,378.663794465847,100.483666456936,43.3481276133774
88,172.370569844843,447.289301911429,103.243802527777,40.3246679526144
71,194.492792664188,448.531854709384,107.335625019878,37.2607218500614
82,173.27629394077,528.478612134407,90.8314762202964,40.1692955128892
1,137.701308228134,501.77065264881,108.55711064107,47.9602184786434
92,196.058535710724,441.11167806849,96.8150565914226,43.4375217456525
1,178.277726136628,422.942685699129,95.2958791243484,41.8518982108611
4,193.485427457637,318.474839611204,93.2200850487117,41.1437655047783
88,158.753105807437,502.400305280773,135.451838641981,30.7554808362039
32,154.928267822479,449.508547880354,100.775136075253,35.0817573790786
45,174.943721328727,492.428747924831,112.511634399624,51.4873702208612
57,195.723906817233,522.132513531878,96.8641525200211,48.6807453283862
80,195.267682891745,365.932856991592,113.019762502031,30.2573527323515
84,170.944627117502,502.566794182135,105.814289135659,47.3876699897347
69,182.692388592024,369.504557765341,105.673900646846,36.0264345989472
84,171.832205227007,509.696415489866,104.846814110133,44.0944196546095
23,154.995731399569,447.956650035651,100.532756779,38.9844738682827
57,150.73151562775,481.107544370139,89.9798630057456,36.1924901199014
18,178.839842203663,307.141023374505,101.352653704009,48.0981140922269
31,164.863085069621,429.191687187336,128.69647498574,34.4045277666324
67,169.655676020233,411.313605102027,95.7693334058834,37.6745319738818
16,209.090610519026,455.497298974535,88.8651171188267,42.1983154927556
58,172.829529408427,360.369343788735,107.288984712651,40.5054782716195
23,186.165722532244,445.223522013089,87.9922244725752,38.7787598727516
79,154.757074470145,336.375854603687,113.52829506261,44.7032352501122
28,206.466393861174,481.582103154889,103.239611882871,41.1002279676765
51,166.420400100007,361.59973975488,76.0044168461841,33.5126041569035
64,136.362996144044,456.118703209405,116.464766023365,42.4466726136293
70,161.043285296874,360.163240073872,83.8425731227958,33.5550220383016
93,173.254301847192,419.213732163593,116.026863910574,47.2740880294879
13,196.377731099009,360.3507394068,99.723576075779,35.2542023731208
37,162.676968752666,469.50142403212,102.383983809615,46.8480515821449
43,171.116552785168,395.019443692355,112.641419120442,42.0074355603147
99,176.92445371063,370.500559367599,118.635347641353,36.686198187332
58,183.542504799246,432.359238939457,133.011130670876,43.8671043509986
84,186.566169010028,369.250901878178,106.504562068856,42.975783022594
15,160.211739267484,575.422161959234,95.6694401837584,42.7222169192746
32,178.137209012364,453.528411754004,105.247704327831,42.1417589067295
55,192.297298703901,253.991948854031,89.6428853321707,34.9285244121916
29,174.312403835389,491.483228680044,96.3182720043376,40.6280679422757
26,219.294881889911,396.931547514053,100.17804183294,41.5251858984377
27,155.852758282844,319.228647054413,107.453663819485,38.8146344451141
2,179.277874469449,322.388169957166,118.15393419358,47.4158846916956
22,191.676699340698,380.937142528002,89.6264800529922,39.2671757387896
1,202.345966111427,423.696695963502,99.0798995665092,38.4894371832163
13,158.578147303388,494.299199830464,92.7087080019486,35.770526648821
14,162.14561104889,573.429266952802,73.5442926959224,49.5084451718695
10,177.731500699184,462.718464029896,109.45460389409,33.7338003415816
31,157.294219467792,393.582359390604,95.4386177097753,35.1311574412835
33,150.749274616577,511.995144522748,90.9233660173811,38.8382243584467
23,166.707143438224,539.006052331469,112.855136052726,39.2923960730062
9,189.174256737736,458.550351398153,107.388722973106,42.9099978207624
88,183.789679717652,447.179918326705,98.5820749030585,51.3406827181471
4,176.671291391767,399.973864308608,85.9879426834873,35.9144914565244
18,180.353053947639,478.991123557111,100.992093014086,37.2277233796147
97,191.714040755405,428.191210813353,119.617011250736,45.9220529165182
99,160.336508973905,333.755549450431,126.554167178732,43.0155028767653
66,158.767569099699,406.649680587057,97.3946964019517,39.8101718324627
16,160.033645899064,510.768351475898,119.34663715143,36.395695049213
51,170.391785708463,337.093800066656,101.745117295451,52.3212027193111
47,166.957719167163,385.46708130459,87.7371267511336,41.0161196702346
30,172.468694696656,581.167970979483,93.8609980000956,38.8856974306476
3,169.59976631458,432.661506660001,77.9973138792095,47.6751144634933
82,179.640271106676,500.475682961474,104.942003079251,39.0080949794169
97,168.748111120249,513.253895344695,123.729469314466,47.3379345689085
13,151.022301947587,472.902559312296,89.1707776943645,53.4995228622426
60,185.539544311217,440.789036547521,95.9180341868375,40.7681861793007
57,193.136305104267,415.671075225903,106.305884311865,41.1510828744348
93,183.628790963622,519.252218654502,121.995382269629,39.8423130649555
32,181.513681331065,478.953918291853,103.67184702787,49.2446897672856
61,194.925584535214,472.726655927571,116.164744281964,39.0600919285386
35,174.495255128039,508.561648473027,90.8753108051197,37.3341851629811
13,154.864450029914,297.989464352549,93.2564186620334,46.6329034818821
98,160.003479016306,561.208751983565,113.850538752445,39.5923037660756
74,158.927876583279,546.967812132103,111.329432987549,38.5888351819716
10,195.429751103732,452.904547799204,85.7409682649128,42.4388965895404
15,138.505539355562,436.778467468454,90.961364728876,40.2168708563741
39,147.35459239424,335.172064515214,104.018005470718,38.9198448205535
22,181.055143860339,445.435847972837,93.2494990543218,33.2770876341809
21,173.641376328456,532.437558914979,108.221360741724,43.6081108757619
88,188.04109749633,459.666040802202,110.08627648534,52.3715801335846
11,161.181081480966,476.706920312659,117.417866523618,26.5620516224215
12,189.156267217404,441.119063506554,81.3804519521836,42.0830043165709
94,178.529914141005,452.686209059194,95.0234874221465,49.0347337804455
99,184.489245067599,426.656888934051,89.4280461570852,44.9545074887752
53,161.479806443966,459.724397691664,96.1513003254557,40.5733666625441
29,163.662623547967,373.374023103419,106.853752922592,48.6625746420456
55,170.177742494582,517.808813244163,115.640755808711,41.8336174984776
70,180.948299000376,424.040973646263,90.3477761188588,37.2063229778791
74,186.642174301834,444.511172231934,118.109378346314,47.2740428429218
98,174.349852154471,376.683444398377,121.041940687612,31.5227132661145
43,204.671145802609,363.779739793618,124.774493876076,53.9210951111671
24,142.0751191214,462.943235764708,144.049650289946,34.7900412642484
37,184.624893888325,395.61584053361,92.2642168834117,31.7939456878861
20,151.892798949713,488.599783281843,117.390680176365,38.4057929342966
46,177.565192122985,456.454368916054,94.2974979233532,40.9770972987196
12,186.76736848004,373.895987137459,106.477936924673,44.1671803348571
5,165.366176531449,424.463070933598,90.491074139567,36.8414230377387
81,164.6580323522,480.556019106254,130.855302128415,44.2699029071787
94,183.319338004618,390.274819214394,82.6587408553342,41.7448489353856
53,205.391107451549,608.385576090665,104.764748741282,47.904130864041
22,227.014488048557,401.531774035668,131.039696307766,33.6140670588033
49,150.776848789309,498.571040359644,104.918558739051,52.8918383134356
24,146.863274676423,439.779374609475,101.924846108378,43.0701157634584
20,188.142037891457,476.89193654148,106.5894075223,35.2994904392712
7,173.147583528072,375.349784328684,97.7997762638955,48.752200832329
98,154.725453281989,561.660344425477,92.5963042313664,40.7657050241083
58,158.085100778736,310.242516510966,80.521987641501,40.1422105478758
81,164.180844041816,457.498930672129,104.694129376776,41.3592381469772
59,164.998969494666,464.330018957043,109.665259632339,42.2857475407885
65,203.918528195328,486.540841013433,77.9953587675343,41.9100371567605
91,182.574440367157,518.355411019941,111.505899238919,42.2674027137646
25,156.859453554865,394.604656805449,107.087409347492,46.490509431537
43,172.272814952759,425.789550674372,103.3700186247,36.7536247729642
66,192.823720588908,440.016774164183,87.6376383539586,45.4754382283388
66,160.849742781372,523.312742132869,89.9109595312128,39.3820910582978
34,173.702048521432,426.551276540903,119.601424378125,42.7250326558836
82,172.705291035449,450.446319005803,91.8415543798347,35.7040033605133
4,164.905367310414,454.545408140338,98.121874685576,53.3484488993842
13,156.537490960347,334.972789551806,113.75813985178,47.5324562446234
20,144.752456190186,420.045700270548,102.595090307681,35.2380989487662
4,160.688783907512,360.961004421631,89.4398084661615,32.6862581446711
65,182.401028526733,476.237245250701,101.431298330493,37.9783056058265
97,172.406380106932,424.996656211359,115.592154151558,44.6202534313189
90,215.728682889569,467.771438748197,100.961884100535,44.4693767350588
20,161.009508256831,467.984535499145,96.2284599681826,31.5058870463053
57,182.865512771435,520.079833475187,108.132928515056,43.2142349104126
40,155.443301766809,448.912630393677,91.4365165639853,35.52677136696
18,160.18335989265,480.222326198534,89.1747223465063,45.9039993103311
72,182.482833993735,410.451108263395,97.9398807414762,41.7055916774376
81,163.635378406402,346.14686559129,99.5448631527776,40.6123594718456
13,173.180973265108,477.425459357068,103.562301522655,43.7423292708484
63,198.377051116648,327.115406462691,87.5989817275223,46.0704336992875
82,176.307575239997,438.198201143669,89.639754151818,45.9337859858437
47,159.544860317133,456.231838139987,115.752580380471,46.304161758073
56,146.680638420932,360.103338292669,105.993855807407,31.2529435179818
35,165.439061073442,459.487275756554,84.8503055174489,41.9330973021434
17,158.098828106012,406.325390520277,97.0017647740545,59.9671740225826
19,154.70502983599,429.560326189086,98.5705086654053,40.5423768685367
